CREATE DATABASE  IF NOT EXISTS `sistemas` /*!40100 DEFAULT CHARACTER SET latin1 */;
USE `sistemas`;
-- MySQL dump 10.13  Distrib 8.0.30, for Win64 (x86_64)
--
-- Host: localhost    Database: sistemas
-- ------------------------------------------------------
-- Server version	5.7.39-log

/*!40101 SET @OLD_CHARACTER_SET_CLIENT=@@CHARACTER_SET_CLIENT */;
/*!40101 SET @OLD_CHARACTER_SET_RESULTS=@@CHARACTER_SET_RESULTS */;
/*!40101 SET @OLD_COLLATION_CONNECTION=@@COLLATION_CONNECTION */;
/*!50503 SET NAMES utf8 */;
/*!40103 SET @OLD_TIME_ZONE=@@TIME_ZONE */;
/*!40103 SET TIME_ZONE='+00:00' */;
/*!40014 SET @OLD_UNIQUE_CHECKS=@@UNIQUE_CHECKS, UNIQUE_CHECKS=0 */;
/*!40014 SET @OLD_FOREIGN_KEY_CHECKS=@@FOREIGN_KEY_CHECKS, FOREIGN_KEY_CHECKS=0 */;
/*!40101 SET @OLD_SQL_MODE=@@SQL_MODE, SQL_MODE='NO_AUTO_VALUE_ON_ZERO' */;
/*!40111 SET @OLD_SQL_NOTES=@@SQL_NOTES, SQL_NOTES=0 */;

--
-- Table structure for table `estudiantes`
--

DROP TABLE IF EXISTS `estudiantes`;
/*!40101 SET @saved_cs_client     = @@character_set_client */;
/*!50503 SET character_set_client = utf8mb4 */;
CREATE TABLE `estudiantes` (
  `id_estudiante` int(11) NOT NULL AUTO_INCREMENT,
  `codigo` int(11) NOT NULL,
  `nombre` varchar(45) NOT NULL,
  `apellido` varchar(45) NOT NULL,
  `tipo_documento` varchar(2) NOT NULL,
  `numero_documento` int(12) NOT NULL,
  `estado` varchar(45) NOT NULL,
  PRIMARY KEY (`id_estudiante`)
) ENGINE=InnoDB AUTO_INCREMENT=201 DEFAULT CHARSET=latin1;
/*!40101 SET character_set_client = @saved_cs_client */;

--
-- Dumping data for table `estudiantes`
--

LOCK TABLES `estudiantes` WRITE;
/*!40000 ALTER TABLE `estudiantes` DISABLE KEYS */;
INSERT INTO `estudiantes` VALUES (2,201925337,'JOSE','Garcia','CC',1002744754,'A'),(3,201929736,'FRANCISCO','Gomez','CC',1002753220,'A'),(4,201922784,'DAVID','Lopez','CC',1002780951,'A'),(6,201927284,'JAVIER','Hernandez','CC',1002717333,'A'),(7,201928121,'JOSE ANTONIO','Sanchez','CC',1002748030,'A'),(8,201929929,'DANIEL','Perez','CC',1002775626,'A'),(9,201925841,'FRANCISCO JAVIER','Ramirez','CC',1002704513,'A'),(10,201926180,'JOSE LUIS','Diaz','CC',1002780996,'A'),(11,201927852,'CARLOS','Torres','CC',1002748330,'A'),(12,201924196,'JESUS','Muñoz','CC',1002729144,'A'),(13,201924736,'ALEJANDRO','Rojas','CC',1002759893,'A'),(14,201929589,'MIGUEL','Moreno','CC',1002743570,'A'),(15,201920704,'JOSE MANUEL','Vargas','CC',1002727710,'A'),(16,201929365,'RAFAEL','Ortiz','CC',1002780351,'A'),(17,201924948,'MIGUEL ANGEL','Jimenez','CC',1002700196,'A'),(18,201928303,'PABLO','Castro','CC',1002735787,'A'),(19,201929991,'PEDRO','Gutierrez','CC',1002715175,'A'),(20,201929423,'ANGEL','Alvarez','CC',1002769478,'A'),(21,201929683,'SERGIO','Valencia','CC',1002764540,'A'),(22,201929200,'JOSE MARIA','Ruiz','CC',1002700032,'A'),(23,201924877,'FERNANDO','Suarez','CC',1002727670,'A'),(24,201920650,'JORGE','Herrera','CC',1002785237,'A'),(25,201929587,'LUIS','Romero','CC',1002719619,'A'),(26,201921740,'ALBERTO','Quintero','CC',1002777439,'A'),(27,201925747,'ALVARO','Morales','CC',1002740807,'A'),(28,201925981,'JUAN CARLOS','Giraldo','CC',1002714002,'A'),(29,201928921,'ADRIAN','Rivera','CC',1002790023,'A'),(30,201925325,'DIEGO','Arias','CC',1002709141,'A'),(31,201927591,'JUAN JOSE','Florez','CC',1002708444,'A'),(32,201921604,'RAUL','Marin','CC',1002792845,'A'),(33,201927995,'IVAN','Castillo','CC',1002783931,'A'),(34,201920732,'JUAN ANTONIO','Mejia','CC',1002755838,'A'),(35,201921044,'RUBEN','Mosquera','CC',1002712441,'A'),(36,201921148,'ENRIQUE','Osorio','CC',1002750875,'A'),(37,201929423,'OSCAR','Cardenas','CC',1002745356,'A'),(38,201920240,'RAMON','Cardona','TI',1002726533,'A'),(39,201928171,'ANDRES','Peña','TI',1002721076,'A'),(40,201920551,'JUAN MANUEL','Zapata','TI',1002738110,'A'),(41,201921370,'VICENTE','Restrepo','TI',1002715380,'A'),(42,201922124,'SANTIAGO','Guerrero','TI',1002766016,'A'),(43,201929873,'JOAQUIN','Parra','TI',1002727687,'A'),(44,201926058,'MARIO','Mendoza','TI',1002746284,'A'),(45,201925011,'VICTOR','Medina','TI',1002757354,'A'),(46,201925736,'EDUARDO','Ramos','TI',1002795301,'A'),(47,201924813,'ROBERTO','Salazar','TI',1002701670,'A'),(48,201923681,'JAIME','Correa','TI',1002706354,'A'),(49,201926731,'FRANCISCO JOSE','Ortega','TI',1002788288,'A'),(50,201929974,'MARCOS','Vasquez','TI',1002700344,'A'),(51,201921711,'HUGO','Montoya','TI',1002738049,'A'),(52,201924155,'IGNACIO','Cortes','TI',1002784587,'A'),(53,201928151,'JORDI','Acosta','TI',1002799749,'A'),(54,201926404,'ALFONSO','Guzman','TI',1002755557,'A'),(55,201923092,'RICARDO','Londoño','TI',1002760037,'A'),(56,201922059,'SALVADOR','Molina','TI',1002785605,'A'),(57,201926949,'GUILLERMO','Velasquez','TI',1002786883,'A'),(58,201922996,'MARC','Rincon','TI',1002741145,'A'),(59,201926328,'GABRIEL','Rios','TI',1002732969,'A'),(60,201920567,'MOHAMED','Sierra','TI',1002741327,'A'),(61,201923364,'EMILIO','Cruz','TI',1002753096,'A'),(62,201921724,'GONZALO','Ospina','TI',1002733010,'A'),(63,201929921,'MARTIN','Garzon','TI',1002719331,'A'),(64,201925477,'JOSE MIGUEL','Jaramillo','TI',1002751231,'A'),(65,201927345,'JULIO','Reyes','TI',1002739063,'A'),(66,201923969,'JULIAN','Orozco','TI',1002799308,'A'),(67,201925911,'TOMAS','Agudelo','TI',1002749203,'A'),(68,201927164,'NICOLAS','Mora','TI',1002735666,'A'),(69,201928263,'AGUSTIN','Beltran','TI',1002753330,'A'),(70,201922447,'JOSE RAMON','Contreras','TI',1002747794,'A'),(71,201926016,'SAMUEL','Leon','TI',1002736664,'A'),(72,201929176,'ISMAEL','Escobar','TI',1002729542,'A'),(73,201921027,'CRISTIAN','Caicedo','TI',1002728924,'A'),(74,201926251,'LUCAS','Castañeda','TI',1002777645,'A'),(75,201927766,'JOAN','Fernandez','TI',1002725454,'A'),(76,201929185,'FELIX','Hurtado','TI',1002717635,'A'),(77,201925028,'AITOR','Delgado','TI',1002734008,'A'),(78,201926630,'HECTOR','Silva','TI',1002783250,'A'),(79,201922069,'IKER','Lozano','TI',1002731940,'A'),(80,201923453,'ALEX','Henao','TI',1002781383,'A'),(81,201923186,'JUAN FRANCISCO','Bedoya','TI',1002737929,'A'),(82,201927340,'JOSE CARLOS','Calderon','TI',1002755084,'A'),(83,201923127,'JOSEP','Murillo','TI',1002734442,'A'),(84,201921169,'SEBASTIAN','Castaño','TI',1002727681,'A'),(85,201925877,'CESAR','Vega','TI',1002746023,'A'),(86,201928678,'MARIANO','Mendez','TI',1002765833,'A'),(87,201920338,'ALFREDO','Avila','TI',1002715450,'A'),(88,201929276,'DOMINGO','Patiño','TI',1002704441,'A'),(89,201929708,'MATEO','Cordoba','TI',1002757457,'A'),(90,201922658,'JOSE ANGEL','Velez','TI',1002785057,'A'),(91,201926756,'RODRIGO','Pineda','TI',1002730746,'A'),(92,201921085,'VICTOR MANUEL','Arango','TI',1002734436,'A'),(93,201927100,'FELIPE','Bernal','TI',1002758770,'A'),(94,201920093,'JOSE IGNACIO','Franco','TI',1002710621,'A'),(95,201923342,'LUIS MIGUEL','Carvajal','TI',1002714147,'A'),(96,201927874,'JOSE FRANCISCO','Gil','TI',1002788602,'A'),(97,201924529,'XAVIER','Padilla','TI',1002724628,'A'),(98,201921672,'JUAN LUIS','Acevedo','TI',1002729014,'A'),(99,201921913,'ALBERT','Cano','TI',1002723482,'A'),(100,201928573,'MARIA CARMEN','Vanegas','TI',1002732782,'A'),(101,201922585,'MARIA','Vergara','TI',1002706573,'A'),(102,201923716,'CARMEN','Pacheco','TI',1002768424,'A'),(103,201920451,'ANA MARIA','Hoyos','TI',1002724080,'A'),(104,201927513,'MARIA PILAR','Buitrago','TI',1002704134,'A'),(105,201929722,'LAURA','Trujillo','TI',1002755611,'A'),(106,201921198,'JOSEFA','Soto','TI',1002769434,'A'),(107,201920611,'ISABEL','Angulo','TI',1002779233,'A'),(108,201929206,'MARIA DOLORES','Aguirre','TI',1002724710,'A'),(109,201928831,'MARIA TERESA','Palacios','TI',1002724722,'A'),(110,201929147,'ANA','Narvaez','TI',1002744071,'A'),(111,201922788,'MARTA','Barrios','TI',1002733920,'A'),(112,201926134,'CRISTINA','Navarro','TI',1002736751,'A'),(113,201921499,'MARIA ANGELES','Gallego','TI',1002710484,'A'),(114,201921878,'LUCIA','Barrera','TI',1002711482,'A'),(115,201927359,'MARIA ISABEL','Bermudez','TI',1002714385,'A'),(116,201923198,'MARIA JOSE','Toro','TI',1002775744,'A'),(117,201922360,'FRANCISCA','Ordoñez','TI',1002731999,'A'),(118,201928369,'ANTONIA','Duque','TI',1002745130,'A'),(119,201923653,'DOLORES','Camacho','TI',1002733405,'A'),(120,201927613,'SARA','Duran','TI',1002715138,'A'),(121,201922338,'PAULA','Pinzon','TI',1002702411,'A'),(122,201925724,'ELENA','Carrillo','TI',1002767682,'A'),(123,201928070,'MARIA LUISA','Forero','TI',1002763986,'A'),(124,201924634,'RAQUEL','Sandoval','TI',1002722971,'A'),(125,201926099,'ROSA MARIA','Mercado','TI',1002792767,'A'),(126,201922135,'MANUELA','Blanco','TI',1002715707,'A'),(127,201929093,'PILAR','Ocampo','TI',1002798679,'A'),(128,201924372,'CONCEPCION','Benavides','TI',1002726361,'A'),(129,201923160,'MARIA JESUS','Paez','TI',1002739897,'A'),(130,201921200,'MERCEDES','Arrieta','TI',1002791823,'A'),(131,201922143,'JULIA','Duarte','TI',1002795334,'A'),(132,201926826,'BEATRIZ','Daza','TI',1002706072,'A'),(133,201923312,'ALBA','Sarmiento','TI',1002723257,'A'),(134,201923825,'SILVIA','Camargo','TI',1002750592,'A'),(135,201929533,'NURIA','Espinosa','TI',1002766822,'A'),(136,201922584,'IRENE','Serna','TI',1002784124,'A'),(137,201927168,'ROSARIO','Ariza','TI',1002773828,'A'),(138,201921650,'PATRICIA','Ochoa','TI',1002767825,'A'),(139,201927815,'JUANA','Amaya','TI',1002724678,'A'),(140,201929628,'TERESA','Arevalo','TI',1002791360,'A'),(141,201928205,'ENCARNACION','Zambrano','TI',1002745451,'A'),(142,201927329,'ANDREA','Alzate','TI',1002791942,'A'),(143,201928618,'ROCIO','Niño','TI',1002790015,'A'),(144,201928890,'MONTSERRAT','Guerra','TI',1002706685,'A'),(145,201926907,'MONICA','Polo','TI',1002700593,'A'),(146,201924446,'ALICIA','Montes','TI',1002774375,'A'),(147,201925452,'MARIA MAR','Villa','CC',1002720657,'A'),(148,201926105,'SANDRA','Bonilla','CC',1002724652,'A'),(149,201925714,'SONIA','Galvis','CC',1002712199,'A'),(150,201928723,'MARINA','Ardila','CC',1002752444,'A'),(151,201923283,'ROSA','Mesa','CC',1002745389,'A'),(152,201926448,'ANGELA','Tovar','CC',1002762245,'A'),(153,201924455,'SUSANA','Gaviria','CC',1002756815,'A'),(154,201920546,'NATALIA','Palacio','CC',1002710183,'A'),(155,201922087,'YOLANDA','Uribe','CC',1002706159,'A'),(156,201921662,'MARGARITA','Guevara','CC',1002748393,'A'),(157,201922040,'SOFIA','Arboleda','CC',1002762488,'A'),(158,201926358,'CLAUDIA','Miranda','CC',1002747076,'A'),(159,201922690,'MARIA JOSEFA','Marquez','CC',1002779629,'A'),(160,201920229,'EVA','Cifuentes','CC',1002707181,'A'),(161,201925579,'CARLA','Meza','CC',1002794359,'A'),(162,201921217,'MARIA ROSARIO','Sepulveda','CC',1002750111,'A'),(163,201921360,'INMACULADA','Rueda','CC',1002734014,'A'),(164,201929376,'MARIA MERCEDES','Fuentes','CC',1002756334,'A'),(165,201928180,'ANA ISABEL','Benitez','CC',1002726377,'A'),(166,201923365,'NOELIA','Meneses','CC',1002780562,'A'),(167,201926651,'ESTHER','Velasco','CC',1002797605,'A'),(168,201927930,'VERONICA','Loaiza','CC',1002700930,'A'),(169,201926388,'NEREA','Estrada','CC',1002744805,'A'),(170,201925167,'CAROLINA','Nuñez','CC',1002715900,'A'),(171,201924715,'DANIELA','Aguilar','CC',1002770830,'A'),(172,201922607,'INES','Ayala','CC',1002717366,'A'),(173,201923676,'EVA MARIA','Solano','CC',1002721558,'A'),(174,201925896,'MARIA VICTORIA','Monsalve','CC',1002715930,'A'),(175,201927983,'ANGELES','Bolaños','CC',1002776565,'A'),(176,201926017,'MIRIAM','Arenas','CC',1002787471,'A'),(177,201926508,'LORENA','Cabrera','CC',1002705500,'A'),(178,201924919,'MARIA ROSA','Galindo','CC',1002759820,'A'),(179,201929482,'ANA BELEN','Becerra','CC',1002797350,'A'),(180,201923643,'MARIA ELENA','Fonseca','CC',1002755097,'A'),(181,201926412,'MARTINA','Perdomo','CC',1002778251,'A'),(182,201925192,'VICTORIA','Castellanos','CC',1002789794,'A'),(183,201926231,'MARIA CONCEPCION','Betancur','CC',1002764071,'A'),(184,201923222,'AMPARO','Bohorquez','CC',1002798461,'A'),(185,201926187,'ALEJANDRA','Campo','CC',1002718563,'A'),(186,201929795,'MARIA ANTONIA','Salcedo','CC',1002793030,'A'),(187,201921900,'LIDIA','Zuñiga','CC',1002799607,'A'),(188,201921869,'CELIA','Luna','CC',1002758578,'A'),(189,201927557,'CATALINA','Galeano','CC',1002778133,'A'),(190,201924977,'MARIA NIEVES','Carmona','CC',1002745355,'A'),(191,201925579,'FATIMA','Pulido','CC',1002748514,'A'),(192,201922228,'AINHOA','Caro','CC',1002759376,'A'),(193,201927271,'OLGA','Melo','CC',1002722520,'A'),(194,201927747,'CONSUELO','Gonzales','CC',1002715490,'A'),(195,201922778,'CLARA','Bravo','CC',1002735399,'A'),(196,201926453,'GLORIA','Jaimes','CC',1002722816,'A'),(197,201926772,'MARIA CRISTINA','Rosero','CC',1002745361,'A'),(198,201923582,'MARIA SOLEDAD','Prieto','CC',1002782611,'A');
/*!40000 ALTER TABLE `estudiantes` ENABLE KEYS */;
UNLOCK TABLES;

--
-- Table structure for table `incripciones`
--

DROP TABLE IF EXISTS `incripciones`;
/*!40101 SET @saved_cs_client     = @@character_set_client */;
/*!50503 SET character_set_client = utf8mb4 */;
CREATE TABLE `incripciones` (
  `id_ins` int(11) NOT NULL AUTO_INCREMENT,
  `id_es` int(11) NOT NULL,
  `id_ma` int(11) NOT NULL,
  `fecha` datetime DEFAULT NULL,
  PRIMARY KEY (`id_ins`),
  KEY `idestudiante_idx` (`id_es`),
  KEY `idmateria_idx` (`id_ma`),
  CONSTRAINT `idestudiante` FOREIGN KEY (`id_es`) REFERENCES `estudiantes` (`id_estudiante`) ON DELETE CASCADE ON UPDATE CASCADE,
  CONSTRAINT `idmateria` FOREIGN KEY (`id_ma`) REFERENCES `materias` (`id`) ON DELETE CASCADE ON UPDATE CASCADE
) ENGINE=InnoDB AUTO_INCREMENT=80 DEFAULT CHARSET=latin1;
/*!40101 SET character_set_client = @saved_cs_client */;

--
-- Dumping data for table `incripciones`
--

LOCK TABLES `incripciones` WRITE;
/*!40000 ALTER TABLE `incripciones` DISABLE KEYS */;
INSERT INTO `incripciones` VALUES (1,3,39,'2022-08-17 00:00:00'),(2,3,36,'2022-08-18 00:00:00'),(3,4,28,'2022-08-16 00:00:00'),(4,4,3,'2022-08-15 00:00:00'),(6,7,38,'2022-08-22 00:00:00'),(7,7,5,'2022-08-22 00:00:00'),(8,8,37,'2022-08-15 00:00:00'),(9,8,32,'2022-08-17 00:00:00'),(10,14,16,'2022-08-20 00:00:00'),(11,14,23,'2022-08-16 00:00:00'),(12,14,42,'2022-08-18 00:00:00'),(13,15,9,'2022-08-18 00:00:00'),(14,17,29,'2022-08-15 00:00:00'),(15,18,41,'2022-08-18 00:00:00'),(16,18,9,'2022-08-21 00:00:00'),(17,21,37,'2022-08-20 00:00:00'),(18,25,34,'2022-08-18 00:00:00'),(19,25,14,'2022-08-18 00:00:00'),(20,26,8,'2022-08-20 00:00:00'),(21,27,45,'2022-08-17 00:00:00'),(22,28,3,'2022-08-17 00:00:00'),(23,30,6,'2022-08-19 00:00:00'),(24,31,13,'2022-08-22 00:00:00'),(25,31,37,'2022-08-18 00:00:00'),(26,33,39,'2022-08-17 00:00:00'),(27,34,18,'2022-08-16 00:00:00'),(28,34,44,'2022-08-19 00:00:00'),(29,34,31,'2022-08-16 00:00:00'),(30,37,26,'2022-08-19 00:00:00'),(31,37,2,'2022-08-20 00:00:00'),(32,40,45,'2022-08-20 00:00:00'),(33,41,36,'2022-08-16 00:00:00'),(34,41,42,'2022-08-16 00:00:00'),(35,42,5,'2022-08-16 00:00:00'),(36,43,25,'2022-08-16 00:00:00'),(37,46,20,'2022-08-21 00:00:00'),(38,46,14,'2022-08-22 00:00:00'),(39,48,19,'2022-08-15 00:00:00'),(40,3,39,'2022-08-17 00:00:00'),(41,3,36,'2022-08-18 00:00:00'),(42,4,28,'2022-08-16 00:00:00'),(43,4,3,'2022-08-15 00:00:00'),(45,7,38,'2022-08-22 00:00:00'),(46,7,5,'2022-08-22 00:00:00'),(47,8,37,'2022-08-15 00:00:00'),(48,8,32,'2022-08-17 00:00:00'),(49,14,16,'2022-08-20 00:00:00'),(50,14,23,'2022-08-16 00:00:00'),(51,14,42,'2022-08-18 00:00:00'),(52,15,9,'2022-08-18 00:00:00'),(53,17,29,'2022-08-15 00:00:00'),(54,18,41,'2022-08-18 00:00:00'),(55,18,9,'2022-08-21 00:00:00'),(56,21,37,'2022-08-20 00:00:00'),(57,25,34,'2022-08-18 00:00:00'),(58,25,14,'2022-08-18 00:00:00'),(59,26,8,'2022-08-20 00:00:00'),(60,27,45,'2022-08-17 00:00:00'),(61,28,3,'2022-08-17 00:00:00'),(62,30,6,'2022-08-19 00:00:00'),(63,31,13,'2022-08-22 00:00:00'),(64,31,37,'2022-08-18 00:00:00'),(65,33,39,'2022-08-17 00:00:00'),(66,34,18,'2022-08-16 00:00:00'),(67,34,44,'2022-08-19 00:00:00'),(68,34,31,'2022-08-16 00:00:00'),(69,37,26,'2022-08-19 00:00:00'),(70,37,2,'2022-08-20 00:00:00'),(71,40,45,'2022-08-20 00:00:00'),(72,41,36,'2022-08-16 00:00:00'),(73,41,42,'2022-08-16 00:00:00'),(74,42,5,'2022-08-16 00:00:00'),(75,43,25,'2022-08-16 00:00:00'),(76,46,20,'2022-08-21 00:00:00'),(77,46,14,'2022-08-22 00:00:00'),(78,48,19,'2022-08-15 00:00:00');
/*!40000 ALTER TABLE `incripciones` ENABLE KEYS */;
UNLOCK TABLES;

--
-- Table structure for table `materias`
--

DROP TABLE IF EXISTS `materias`;
/*!40101 SET @saved_cs_client     = @@character_set_client */;
/*!50503 SET character_set_client = utf8mb4 */;
CREATE TABLE `materias` (
  `id` int(11) NOT NULL AUTO_INCREMENT,
  `codigo_materia` int(9) NOT NULL,
  `nombre` varchar(70) NOT NULL,
  `creditos` int(11) NOT NULL,
  `cupo` int(11) NOT NULL,
  `estado` varchar(2) NOT NULL,
  PRIMARY KEY (`id`)
) ENGINE=InnoDB AUTO_INCREMENT=50 DEFAULT CHARSET=latin1;
/*!40101 SET character_set_client = @saved_cs_client */;

--
-- Dumping data for table `materias`
--

LOCK TABLES `materias` WRITE;
/*!40000 ALTER TABLE `materias` DISABLE KEYS */;
INSERT INTO `materias` VALUES (1,8107533,'SOCIO__HUMANISTICA_I',3,25,'A'),(2,8107349,'CATEDRA UNIVERSIDAD Y ENTORNO',3,22,'A'),(3,8107565,'COMPETENCIAS COMUNICATIVAS',4,17,'A'),(4,8107568,'ALGEBRA LINEAL',3,17,'A'),(5,8107570,'ETICA Y POLITICA',4,21,'A'),(6,8107569,'EXPRESION GRAFICA Y GEOMETRIA DESCRIPTIVA',3,19,'A'),(7,8107550,'ALGORITMOS Y PROGRAMACION',4,23,'A'),(8,8107351,'CALCULO I',4,24,'A'),(9,8107566,'FISICA I',4,20,'A'),(10,8107567,'CALCULO II',3,18,'A'),(11,8108255,'PROGRAMACION I',4,17,'A'),(12,8107571,'SOCIO-HUMANISTICA II',3,15,'A'),(13,8108216,'PROBABILIDAD Y ESTADISTICA',3,24,'A'),(14,8108256,'PROGRAMACION II',4,22,'A'),(15,8108213,'CALCULO III',3,20,'A'),(16,8108220,'METODOLOGIA DE LA INVESTIGACION Y DISEÑO EXPERIMENTAL',3,16,'A'),(17,8108214,'FISICA II',4,24,'A'),(18,8108217,'ECONOMIA',3,17,'A'),(19,8108259,'BASES DE DATOS I',4,16,'A'),(20,8108257,'PROGRAMACION III',4,20,'A'),(21,8108218,'CALCULO IV',3,20,'A'),(22,8108219,'FISICA III',4,23,'A'),(23,8108260,'TEORIA GENERAL DE SISTEMAS',3,21,'A'),(24,8108224,'METODOS NUMERICOS',3,17,'A'),(25,8108258,'INGENIERIA DE REQUISITOS',4,15,'A'),(26,8108263,'BASES DE DATOS II',4,23,'A'),(27,8108264,'MATEMATICAS DISCRETAS',3,19,'A'),(28,8108265,'COMUNICACIONES',4,15,'A'),(29,8108266,'INVESTIGACION DE OPERACIONES',4,16,'A'),(30,8108261,'ELECTRONICA GENERAL',4,24,'A'),(31,8108262,'INGENIERIA DE SOFTWARE I',4,21,'A'),(32,8108267,'INGENIERIA DEL SOFTWARE II',4,18,'A'),(33,8108268,'SISTEMAS DISTRIBUIDOS',3,17,'A'),(34,8108269,'LENGUAJES FORMALES',4,18,'A'),(35,8108270,'TRANSMISION DE DATOS',4,24,'A'),(36,8108271,'SISTEMAS OPERATIVOS',4,21,'A'),(37,8108221,'ADMINISTRACION',3,23,'A'),(38,8108272,'TRABAJO DE CAMPO',4,15,'A'),(39,8108273,'INTELIGENCIA COMPUTACIONAL',4,15,'A'),(40,8108274,'REDES DE DATOS',4,17,'A'),(41,8108275,'ARQUITECTURA DE COMPUTADORES',3,15,'A'),(42,8108276,'ELECTIVA I',3,22,'A'),(43,8108277,'ELECTIVA II',3,15,'A'),(44,8108278,'SIMULACION DE COMPUTADORES',4,18,'A'),(45,8108279,'AUDITORIA DE SISTEMAS',3,25,'A'),(46,8108280,'GERENCIA INFORMATICA',3,15,'A'),(47,8108918,'SEMINARIO DE TRABAJO DE GRADO',3,20,'A'),(48,8108281,'ELECTIVA III',3,25,'A'),(49,8108282,'ELECTIVA IV',3,25,'A');
/*!40000 ALTER TABLE `materias` ENABLE KEYS */;
UNLOCK TABLES;
/*!40103 SET TIME_ZONE=@OLD_TIME_ZONE */;

/*!40101 SET SQL_MODE=@OLD_SQL_MODE */;
/*!40014 SET FOREIGN_KEY_CHECKS=@OLD_FOREIGN_KEY_CHECKS */;
/*!40014 SET UNIQUE_CHECKS=@OLD_UNIQUE_CHECKS */;
/*!40101 SET CHARACTER_SET_CLIENT=@OLD_CHARACTER_SET_CLIENT */;
/*!40101 SET CHARACTER_SET_RESULTS=@OLD_CHARACTER_SET_RESULTS */;
/*!40101 SET COLLATION_CONNECTION=@OLD_COLLATION_CONNECTION */;
/*!40111 SET SQL_NOTES=@OLD_SQL_NOTES */;

-- Dump completed on 2022-09-26 11:11:32
